model,best_epoch,train_loss,val_loss,val_ssim,val_psnr,val_rmse,lr
RED-CNN,1,0.0802375889383256,0.0077526013677318,0.9193244746239196,21.92258528436201,0.0842825000484784,1e-05
