model,epoch,train_loss,val_loss,val_ssim,val_psnr,val_rmse,lr,epoch_time_s,train_mse
RED-CNN,1,0.08023758893832564,0.007752601367731889,0.9193244746239196,21.922585284362015,0.08428250004847844,1e-05,3.9438868589995764,0.08023758893832564
