model,epoch,train_loss,val_loss,val_ssim,val_psnr,val_rmse,lr,epoch_time_s,train_mse,train_ssim_loss,train_sino_cons
FreqHybrid,1,0.2131368821557564,0.18623357266187668,0.15458789960746477,11.771284428704323,0.2605692074873813,0.00037625,443.65106731200103,0.09169036432912078,0.73858496358123,0.052028328062424176
FreqHybrid,2,0.17720693425287173,0.17113721147179603,0.2260887990759783,12.114486363159694,0.249623554814196,0.00012875000000000007,431.5668124490003,0.06457556887895247,0.676106031182446,0.01620190175650995
FreqHybrid,3,0.16470275555230393,0.1625915251672268,0.2627794439426757,12.451140876005171,0.24035800912979005,5e-06,438.7425998439994,0.05785467301177073,0.6372460104242156,0.012703715010157114
