model,epoch,train_loss,val_loss,val_ssim,val_psnr,val_rmse,lr,epoch_time_s,train_mse,train_ssim_loss,train_sino_cons
FreqHybrid,1,0.2131368821557564,0.1862335726618766,0.1545878996074647,11.771284428704323,0.2605692074873813,0.00037625,443.651067312001,0.0916903643291207,0.73858496358123,0.0520283280624241
FreqHybrid,2,0.1772069342528717,0.171137211471796,0.2260887990759783,12.114486363159694,0.249623554814196,0.00012875,431.5668124490003,0.0645755688789524,0.676106031182446,0.0162019017565099
FreqHybrid,3,0.1647027555523039,0.1625915251672268,0.2627794439426757,12.451140876005171,0.24035800912979,5e-06,438.7425998439994,0.0578546730117707,0.6372460104242156,0.0127037150101571
