model,best_epoch,train_loss,val_loss,val_ssim,val_psnr,val_rmse,lr
FreqHybrid,3,0.1647027555523039,0.1625915251672268,0.2627794439426757,12.451140876005171,0.24035800912979,5e-06
